                  epoch,         train/box_loss,         train/seg_loss,         train/cls_loss,         train/dfl_loss,   metrics/precision(B),      metrics/recall(B),       metrics/mAP50(B),    metrics/mAP50-95(B),   metrics/precision(M),      metrics/recall(M),       metrics/mAP50(M),    metrics/mAP50-95(M),           val/box_loss,           val/seg_loss,           val/cls_loss,           val/dfl_loss,                 lr/pg0,                 lr/pg1,                 lr/pg2
                      1,                  1.617,                 3.1831,                 1.8044,                 1.1947,                0.50867,                0.07167,                0.06275,                0.03227,                0.50782,                0.06006,                0.04858,                0.02185,                 1.7073,                 3.9046,                 1.7399,                 1.3189,               0.070048,               0.003328,               0.003328
                      2,                 1.5908,                 3.0993,                 1.6076,                  1.199,                0.60759,                0.08076,                 0.0797,                0.04087,                 0.5973,                0.07297,                0.06728,                 0.0288,                 1.5707,                 3.2983,                 1.3937,                 1.2257,               0.040015,              0.0066284,              0.0066284
                      3,                 1.5324,                 3.0329,                 1.5545,                 1.1722,                0.71576,                0.08646,                0.07931,                0.04211,                0.70172,                0.07687,                0.06683,                0.02862,                 1.5659,                 3.2081,                 1.3525,                 1.2184,              0.0099491,              0.0098957,              0.0098957
                      4,                 1.4994,                 2.9857,                 1.5126,                 1.1646,                0.63006,                0.10707,                0.09449,                0.05114,                0.62299,                0.09879,                0.08408,                0.03634,                 1.4398,                 3.0553,                 1.2386,                 1.1665,              0.0098515,              0.0098515,              0.0098515
                      5,                 1.4565,                 2.9088,                 1.4646,                 1.1471,                 0.7669,                0.10413,                0.11108,                0.06352,                0.75397,                0.09479,                0.09907,                0.04797,                 1.3415,                 2.9219,                 1.1681,                 1.1139,              0.0098515,              0.0098515,              0.0098515
                      6,                 1.4246,                 2.8477,                 1.4336,                 1.1334,                  0.644,                0.10467,                0.10334,                 0.0592,                0.63611,                 0.0983,                0.09154,                0.04383,                  1.328,                 2.9562,                 1.1328,                 1.1068,               0.009802,               0.009802,               0.009802
                      7,                 1.3963,                  2.819,                 1.4214,                 1.1228,                 0.5524,                0.11891,                0.11162,                0.06359,                0.53604,                0.10466,                0.09836,                 0.0462,                 1.3083,                 2.9363,                 1.0942,                 1.1004,              0.0097525,              0.0097525,              0.0097525
                      8,                 1.3665,                 2.7881,                 1.4032,                 1.1139,                0.55892,                0.11897,                0.12366,                0.06939,                0.54726,                0.10844,                0.10647,                0.04862,                 1.2789,                 2.8607,                 1.0973,                 1.0904,               0.009703,               0.009703,               0.009703
                      9,                 1.3608,                 2.7564,                 1.3745,                 1.1051,                0.73928,                   0.11,                 0.1097,                0.06179,                0.73018,                0.10184,                0.09601,                0.04528,                 1.3248,                 2.9011,                  1.093,                    1.1,              0.0096535,              0.0096535,              0.0096535
                     10,                 1.3491,                 2.7454,                 1.3647,                 1.1012,                0.69121,                0.11461,                0.11286,                0.06672,                0.67459,                0.10281,                0.09969,                0.04855,                 1.2957,                   2.87,                 1.0671,                 1.1125,               0.009604,               0.009604,               0.009604
                     11,                 1.3417,                 2.7209,                 1.3452,                 1.0957,                0.76465,                0.11314,                0.12006,                0.07081,                0.75501,                0.10269,                0.10691,                0.05183,                  1.266,                 2.8347,                 1.0677,                 1.0906,              0.0095545,              0.0095545,              0.0095545
                     12,                 1.3346,                 2.7154,                  1.336,                 1.0969,                0.75112,                0.11914,                0.11965,                0.06786,                0.73218,                0.11197,                0.10458,                0.04896,                 1.2732,                 2.8062,                 1.0648,                 1.1026,               0.009505,               0.009505,               0.009505
                     13,                 1.3123,                 2.6783,                  1.319,                  1.088,                0.75184,                0.12646,                0.12916,                0.07344,                0.73613,                0.11742,                0.11337,                0.05447,                 1.2671,                 2.8077,                 1.0326,                 1.0909,              0.0094555,              0.0094555,              0.0094555
                     14,                 1.3146,                 2.7008,                 1.3153,                 1.0914,                0.78129,                0.11246,                0.13394,                0.07523,                0.76266,                0.10634,                0.11313,                0.05445,                 1.2662,                 2.8096,                 1.0614,                 1.0924,               0.009406,               0.009406,               0.009406
                     15,                 1.3028,                  2.673,                 1.3135,                  1.088,                0.76546,                0.11597,                0.12744,                0.07377,                0.75767,                0.10736,                 0.1107,                0.05292,                 1.2529,                 2.7955,                 1.0734,                 1.0859,              0.0093565,              0.0093565,              0.0093565
                     16,                 1.3051,                 2.6827,                 1.3125,                 1.0822,                 0.7643,                0.12237,                 0.1275,                0.07283,                0.74988,                0.11163,                0.11186,                0.05182,                 1.2266,                 2.7546,                 1.0164,                 1.0736,               0.009307,               0.009307,               0.009307
                     17,                 1.3016,                 2.6803,                 1.3136,                  1.087,                0.68046,                0.11573,                0.13216,                0.07626,                0.67008,                0.10582,                0.11379,                0.05616,                 1.2481,                 2.7909,                 1.0222,                 1.0929,              0.0092575,              0.0092575,              0.0092575
                     18,                 1.3014,                 2.6626,                  1.287,                 1.0878,                 0.7751,                0.11648,                0.13073,                0.07582,                0.76203,                0.10617,                0.11335,                0.05554,                 1.2657,                 2.7995,                 1.0604,                 1.0838,               0.009208,               0.009208,               0.009208
                     19,                 1.2776,                 2.6328,                 1.2788,                 1.0777,                0.76925,                0.12968,                0.13154,                0.07631,                0.75343,                0.11764,                0.11498,                0.05605,                 1.2313,                 2.7323,                0.99798,                 1.0751,              0.0091585,              0.0091585,              0.0091585
                     20,                 1.2912,                 2.6501,                 1.2938,                  1.086,                0.66777,                0.12524,                0.13486,                0.07809,                0.65889,                0.11592,                0.12106,                0.05722,                 1.2044,                 2.7339,                 1.0005,                 1.0608,               0.009109,               0.009109,               0.009109
                     21,                  1.276,                 2.6276,                 1.2679,                   1.08,                0.65175,                 0.1402,                0.13882,                0.07904,                0.65405,                 0.1208,                0.11654,                0.05679,                 1.2239,                 2.7576,                 1.0455,                 1.0702,              0.0090595,              0.0090595,              0.0090595
                     22,                 1.2885,                 2.6353,                 1.3009,                  1.081,                0.67752,                0.12457,                0.13299,                0.07572,                0.66786,                0.11343,                0.11465,                0.05363,                  1.219,                  2.741,                 1.0468,                  1.076,                0.00901,                0.00901,                0.00901
                     23,                 1.2816,                 2.6185,                 1.2896,                 1.0762,                0.66499,                0.13102,                0.13918,                0.08047,                0.66629,                0.11914,                0.11966,                0.05538,                 1.2194,                 2.7376,                 1.0158,                  1.072,              0.0089605,              0.0089605,              0.0089605
                     24,                 1.2637,                 2.5954,                 1.2662,                 1.0709,                0.78209,                 0.1276,                0.13927,                0.08379,                 0.7697,                0.11662,                 0.1224,                0.05932,                 1.2046,                 2.7268,                0.99821,                 1.0653,               0.008911,               0.008911,               0.008911
                     25,                 1.2724,                 2.6378,                 1.2735,                 1.0743,                0.72851,                0.13292,                0.12841,                 0.0736,                0.72625,                0.11942,                0.11112,                0.05267,                 1.2049,                 2.7454,                 1.0464,                 1.0647,              0.0088615,              0.0088615,              0.0088615
                     26,                 1.2782,                 2.6174,                 1.2814,                 1.0755,                0.76789,                 0.1261,                0.13841,                0.07974,                0.76162,                0.11475,                0.11999,                0.05812,                 1.1827,                  2.691,                0.97114,                 1.0612,               0.008812,               0.008812,               0.008812
                     27,                 1.2653,                 2.6167,                 1.2688,                 1.0713,                0.77848,                0.12489,                  0.145,                0.08403,                0.76809,                 0.1151,                0.12817,                0.06168,                 1.1916,                 2.7061,                0.96086,                 1.0702,              0.0087625,              0.0087625,              0.0087625
                     28,                 1.2606,                 2.5988,                 1.2554,                 1.0688,                0.57002,                0.14839,                0.14109,                0.08197,                0.54777,                0.13494,                0.12313,                0.05892,                 1.1819,                 2.6969,                0.97692,                 1.0526,               0.008713,               0.008713,               0.008713
                     29,                 1.2552,                  2.589,                 1.2608,                 1.0695,                0.65104,                 0.1447,                0.14067,                0.08375,                0.60662,                0.13294,                0.12531,                0.05994,                 1.1622,                 2.6925,                0.96597,                 1.0526,              0.0086635,              0.0086635,              0.0086635
                     30,                 1.2457,                 2.5723,                 1.2542,                 1.0642,                0.59732,                0.14505,                0.14297,                0.08512,                0.63612,                0.12889,                0.12812,                0.06188,                 1.1947,                 2.6873,                 1.0014,                 1.0593,               0.008614,               0.008614,               0.008614
                     31,                  1.256,                 2.5823,                 1.2516,                 1.0663,                0.78979,                0.11825,                0.14415,                0.08732,                0.77852,                0.10938,                 0.1279,                 0.0628,                 1.2001,                 2.6797,                0.99548,                 1.0596,              0.0085645,              0.0085645,              0.0085645
                     32,                 1.2547,                 2.5963,                   1.26,                  1.071,                0.77282,                0.12971,                0.14229,                0.08557,                0.76279,                 0.1193,                0.12668,                0.06298,                 1.1709,                 2.6811,                0.97255,                 1.0498,               0.008515,               0.008515,               0.008515
                     33,                 1.2503,                    2.6,                 1.2395,                 1.0641,                0.78177,                0.13115,                 0.1464,                0.08743,                 0.7696,                 0.1213,                0.13222,                0.06335,                 1.1718,                 2.6655,                0.96211,                 1.0552,              0.0084655,              0.0084655,              0.0084655
                     34,                  1.247,                 2.5869,                 1.2547,                 1.0662,                0.47746,                 0.1452,                0.14121,                0.08287,                0.47018,                0.13221,                0.12627,                0.06052,                 1.1712,                 2.6673,                0.97907,                 1.0601,               0.008416,               0.008416,               0.008416
                     35,                  1.247,                 2.5652,                 1.2382,                 1.0638,                0.58801,                0.14598,                0.14913,                0.08724,                0.57787,                0.13179,                  0.129,                0.06213,                  1.171,                 2.6652,                0.98803,                  1.054,              0.0083665,              0.0083665,              0.0083665
                     36,                 1.2341,                 2.5704,                 1.2406,                  1.063,                0.62658,                0.14357,                0.14788,                0.08737,                0.58952,                0.13236,                0.12743,                0.06205,                 1.1752,                 2.6786,                0.95632,                 1.0574,               0.008317,               0.008317,               0.008317
                     37,                 1.2379,                 2.5699,                 1.2357,                 1.0626,                0.74159,                0.13349,                0.14801,                0.08971,                0.69478,                0.13677,                0.13317,                0.06631,                   1.16,                 2.6567,                0.96233,                 1.0534,              0.0082675,              0.0082675,              0.0082675
                     38,                 1.2334,                 2.5829,                 1.2335,                 1.0619,                0.65458,                0.13771,                0.14924,                 0.0888,                0.62825,                0.12602,                0.12944,                  0.063,                 1.1505,                 2.6525,                0.94691,                 1.0416,               0.008218,               0.008218,               0.008218
                     39,                 1.2507,                 2.5875,                 1.2451,                 1.0645,                0.50955,                0.16161,                0.15084,                0.08801,                0.68912,                0.12123,                0.12821,                0.06191,                 1.1685,                 2.6878,                0.93006,                 1.0505,              0.0081685,              0.0081685,              0.0081685
                     40,                 1.2163,                 2.5448,                 1.2191,                 1.0541,                0.63933,                0.14496,                0.15496,                0.09279,                0.65459,                0.12639,                0.13419,                0.06814,                 1.1406,                 2.6373,                0.93158,                 1.0424,               0.008119,               0.008119,               0.008119
                     41,                 1.2394,                 2.5804,                 1.2372,                 1.0636,                0.64456,                0.14348,                0.14768,                0.08874,                0.61483,                 0.1287,                0.12981,                0.06318,                 1.1571,                  2.646,                  0.949,                 1.0514,              0.0080695,              0.0080695,              0.0080695
                     42,                 1.2364,                 2.5412,                 1.2343,                 1.0619,                0.57123,                0.15046,                0.14839,                0.09073,                0.53851,                0.13591,                0.12984,                  0.065,                 1.1579,                 2.6465,                0.93998,                 1.0466,                0.00802,                0.00802,                0.00802
                     43,                 1.2308,                 2.5563,                 1.2322,                 1.0585,                0.50969,                0.14759,                0.15025,                0.09004,                0.48718,                0.13172,                0.13123,                 0.0651,                  1.149,                 2.6521,                0.94035,                 1.0447,              0.0079705,              0.0079705,              0.0079705
                     44,                 1.2301,                 2.5621,                 1.2406,                 1.0594,                 0.6258,                0.15036,                0.15156,                0.09043,                0.64786,                0.13891,                0.13244,                0.06549,                 1.1542,                 2.6381,                 0.9474,                 1.0474,               0.007921,               0.007921,               0.007921
                     45,                  1.236,                 2.5614,                 1.2375,                 1.0614,                0.57181,                0.14087,                0.15224,                0.09085,                0.50484,                 0.1312,                0.13112,                0.06482,                 1.1516,                 2.6468,                 0.9446,                 1.0465,              0.0078715,              0.0078715,              0.0078715
                     46,                 1.2271,                 2.5483,                  1.217,                 1.0544,                 0.7537,                0.15199,                0.16037,                0.09596,                 0.7622,                0.12843,                0.13714,                0.06885,                 1.1377,                  2.625,                0.90837,                 1.0435,               0.007822,               0.007822,               0.007822
                     47,                 1.2172,                 2.5223,                 1.2305,                 1.0557,                0.69715,                0.14849,                0.15603,                0.09461,                0.59034,                0.13729,                0.13625,                0.06752,                 1.1332,                 2.6165,                0.90362,                 1.0428,              0.0077725,              0.0077725,              0.0077725
                     48,                 1.2251,                  2.536,                 1.2249,                 1.0543,                0.64482,                0.14858,                0.15229,                 0.0918,                 0.5494,                0.13809,                0.12985,                 0.0649,                 1.1287,                 2.6366,                0.92403,                 1.0361,               0.007723,               0.007723,               0.007723
                     49,                 1.2283,                  2.548,                 1.2278,                 1.0553,                0.50961,                0.14951,                0.15506,                0.09371,                0.49613,                0.14355,                0.13831,                0.06649,                 1.1316,                 2.6265,                0.93944,                 1.0385,              0.0076735,              0.0076735,              0.0076735
                     50,                 1.2193,                  2.522,                 1.2114,                 1.0528,                0.70476,                0.14336,                0.15399,                0.09417,                 0.6577,                0.13144,                0.13507,                0.06717,                 1.1182,                 2.6251,                0.92424,                 1.0358,               0.007624,               0.007624,               0.007624
                     51,                 1.2118,                  2.536,                  1.222,                 1.0541,                0.71964,                 0.1482,                0.15243,                0.09086,                0.66352,                0.13335,                0.13277,                0.06527,                 1.1321,                 2.6304,                 0.9142,                   1.04,              0.0075745,              0.0075745,              0.0075745
                     52,                 1.2189,                 2.5239,                 1.2277,                 1.0548,                 0.7918,                0.12971,                0.15421,                0.09365,                0.78009,                0.11888,                0.13465,                0.06637,                 1.1263,                 2.6092,                0.93763,                 1.0359,               0.007525,               0.007525,               0.007525
                     53,                 1.2162,                 2.5268,                 1.2193,                 1.0507,                0.66744,                0.15739,                0.15872,                0.09655,                 0.5603,                0.14958,                0.13991,                0.06919,                 1.1195,                 2.6016,                0.92581,                 1.0333,              0.0074755,              0.0074755,              0.0074755
                     54,                 1.2162,                  2.519,                 1.2318,                 1.0545,                0.72901,                0.15342,                0.15607,                0.09416,                0.65932,                0.13711,                0.13532,                0.06839,                 1.1159,                 2.6038,                0.92328,                 1.0318,               0.007426,               0.007426,               0.007426
                     55,                 1.2117,                 2.5254,                 1.2081,                 1.0514,                0.60341,                0.15723,                 0.1608,                 0.0957,                0.57786,                0.14325,                0.13806,                0.06921,                  1.115,                 2.5971,                 0.9142,                 1.0281,              0.0073765,              0.0073765,              0.0073765
                     56,                 1.2052,                 2.4985,                 1.2235,                 1.0466,                0.76307,                0.15209,                0.16004,                0.09647,                 0.6649,                0.13187,                0.13963,                0.07014,                 1.1167,                 2.5908,                0.91277,                   1.03,               0.007327,               0.007327,               0.007327
                     57,                 1.2137,                 2.5074,                 1.2103,                 1.0514,                0.72703,                0.13841,                0.15065,                0.09158,                0.72427,                0.12606,                0.13431,                0.06702,                  1.115,                 2.5851,                 0.9111,                 1.0313,              0.0072775,              0.0072775,              0.0072775
                     58,                 1.2073,                 2.4872,                 1.2073,                 1.0435,                0.67869,                0.14734,                0.16215,                0.09882,                0.55251,                0.14023,                0.14045,                 0.0708,                 1.1078,                 2.5916,                0.90352,                 1.0303,               0.007228,               0.007228,               0.007228
                     59,                 1.2037,                  2.499,                  1.196,                 1.0461,                0.63329,                0.16333,                0.16471,                0.09876,                0.54638,                0.14839,                0.14134,                0.06859,                 1.1121,                 2.5723,                 0.8989,                 1.0295,              0.0071785,              0.0071785,              0.0071785
                     60,                 1.1994,                 2.5105,                 1.1971,                 1.0457,                0.64561,                0.15978,                0.16772,                0.10131,                0.63952,                0.13464,                0.14303,                0.07265,                 1.1092,                 2.5752,                0.90521,                 1.0309,               0.007129,               0.007129,               0.007129
                     61,                 1.2087,                 2.5173,                 1.2151,                 1.0514,                0.70274,                0.15541,                0.16897,                0.10006,                0.62559,                0.13963,                0.14458,                0.07131,                  1.108,                 2.5877,                0.91766,                 1.0284,              0.0070795,              0.0070795,              0.0070795
                     62,                 1.1949,                 2.5069,                 1.2035,                 1.0446,                 0.7325,                0.15272,                0.15959,                0.09597,                0.66732,                0.13635,                0.13806,                 0.0692,                 1.0998,                 2.5678,                0.90024,                  1.023,                0.00703,                0.00703,                0.00703
                     63,                 1.2003,                 2.5078,                 1.2145,                 1.0446,                0.73072,                0.15006,                0.16333,                0.09985,                0.69015,                0.13729,                0.14117,                0.07192,                 1.1023,                 2.5746,                0.89618,                 1.0234,              0.0069805,              0.0069805,              0.0069805
                     64,                  1.198,                 2.5001,                 1.2086,                 1.0446,                0.54728,                0.16763,                 0.1618,                0.09823,                0.50726,                0.14485,                0.14062,                 0.0713,                 1.1018,                 2.5656,                0.89709,                 1.0274,               0.006931,               0.006931,               0.006931
                     65,                 1.1976,                 2.5084,                 1.1898,                 1.0437,                0.47694,                0.16693,                0.16449,                0.09949,                0.49903,                0.15297,                0.14619,                0.07227,                 1.0941,                  2.559,                0.88245,                 1.0182,              0.0068815,              0.0068815,              0.0068815
                     66,                 1.1985,                 2.5099,                 1.1978,                  1.046,                0.57909,                0.15394,                0.16182,                0.09921,                0.56162,                0.14167,                0.14201,                0.07214,                 1.0996,                 2.5661,                0.89285,                 1.0235,               0.006832,               0.006832,               0.006832
                     67,                  1.191,                 2.4698,                 1.1792,                  1.038,                0.50684,                0.16674,                0.16384,                0.09859,                0.47752,                 0.1515,                0.14167,                0.07122,                 1.0953,                 2.5723,                0.87443,                 1.0188,              0.0067825,              0.0067825,              0.0067825
                     68,                 1.1905,                 2.4879,                 1.1926,                 1.0422,                0.52586,                0.15357,                0.16149,                0.09794,                0.48063,                0.13577,                0.13925,                0.07008,                 1.0971,                 2.5635,                0.88024,                  1.022,               0.006733,               0.006733,               0.006733
                     69,                  1.198,                 2.4948,                  1.203,                  1.042,                 0.6909,                0.15607,                0.16797,                 0.1042,                 0.4874,                0.15734,                0.14658,                0.07596,                 1.0932,                 2.5614,                0.88146,                 1.0193,              0.0066835,              0.0066835,              0.0066835
                     70,                 1.1894,                  2.488,                 1.1932,                 1.0424,                0.72701,                0.14802,                0.16288,                0.09923,                0.64658,                0.13436,                0.14218,                0.07199,                 1.0922,                 2.5606,                0.88682,                 1.0201,               0.006634,               0.006634,               0.006634
                     71,                 1.1979,                 2.4964,                 1.2113,                 1.0425,                0.68052,                0.15465,                0.17105,                0.10306,                0.64476,                0.13977,                0.14828,                  0.074,                 1.0899,                 2.5627,                0.88023,                 1.0184,              0.0065845,              0.0065845,              0.0065845
                     72,                 1.1951,                  2.502,                 1.1943,                 1.0393,                0.42585,                0.17299,                 0.1663,                 0.1001,                0.39775,                0.15903,                0.14462,                0.07263,                 1.0863,                 2.5557,                0.88109,                 1.0171,               0.006535,               0.006535,               0.006535
                     73,                 1.1949,                 2.4753,                 1.1968,                 1.0404,                0.69596,                0.16428,                 0.1672,                0.10114,                0.59531,                0.14546,                 0.1462,                0.07222,                 1.0846,                 2.5459,                0.88455,                 1.0155,              0.0064855,              0.0064855,              0.0064855
                     74,                 1.1941,                 2.4756,                 1.1993,                 1.0424,                0.52628,                0.17616,                0.17151,                0.10385,                0.51444,                 0.1456,                0.14746,                0.07501,                 1.0818,                 2.5412,                0.87301,                 1.0159,               0.006436,               0.006436,               0.006436
                     75,                 1.1759,                 2.4617,                 1.1709,                 1.0362,                0.70493,                0.15958,                 0.1718,                0.10379,                0.60637,                   0.14,                0.14601,                0.07393,                 1.0817,                 2.5499,                0.86567,                 1.0149,              0.0063865,              0.0063865,              0.0063865
                     76,                 1.1843,                 2.4705,                 1.1662,                 1.0358,                0.60544,                0.16665,                0.17276,                0.10434,                0.51021,                0.14945,                0.14895,                0.07453,                 1.0802,                 2.5368,                0.86267,                 1.0157,               0.006337,               0.006337,               0.006337
                     77,                 1.1813,                 2.4712,                 1.1676,                 1.0377,                0.70081,                0.16095,                0.17162,                0.10606,                0.60531,                0.14223,                0.14742,                0.07432,                 1.0802,                 2.5337,                 0.8686,                 1.0158,              0.0062875,              0.0062875,              0.0062875
                     78,                 1.1819,                 2.4742,                 1.1812,                 1.0387,                0.56456,                0.16636,                0.16893,                0.10402,                0.50541,                 0.1486,                0.14689,                0.07602,                 1.0778,                 2.5297,                0.87247,                 1.0139,               0.006238,               0.006238,               0.006238
                     79,                 1.1749,                 2.4388,                 1.1671,                 1.0328,                0.69596,                0.15541,                0.17064,                0.10599,                0.61543,                0.14092,                 0.1489,                0.07703,                 1.0785,                 2.5383,                  0.871,                 1.0123,              0.0061885,              0.0061885,              0.0061885
                     80,                 1.1724,                  2.441,                  1.176,                 1.0337,                0.55952,                0.17239,                0.17473,                0.10548,                0.50867,                0.15733,                0.15023,                0.07561,                  1.073,                 2.5276,                0.86694,                 1.0126,               0.006139,               0.006139,               0.006139
                     81,                 1.1903,                 2.4764,                 1.1916,                  1.039,                0.60874,                0.17738,                0.17863,                0.10873,                 0.5483,                 0.1559,                0.15063,                0.07605,                 1.0748,                 2.5281,                0.87239,                 1.0113,              0.0060895,              0.0060895,              0.0060895
                     82,                 1.1766,                 2.4601,                  1.171,                 1.0326,                0.54875,                0.16998,                0.17501,                0.10671,                  0.473,                 0.1549,                0.14951,                0.07594,                  1.075,                 2.5263,                0.86939,                 1.0117,                0.00604,                0.00604,                0.00604
                     83,                 1.1701,                 2.4553,                 1.1626,                 1.0271,                0.76427,                 0.1618,                0.17917,                0.10888,                0.67919,                0.14642,                0.15388,                0.07854,                 1.0701,                 2.5322,                0.86001,                 1.0114,              0.0059905,              0.0059905,              0.0059905
                     84,                 1.1663,                 2.4504,                  1.158,                 1.0314,                0.72216,                0.16989,                0.17234,                0.10472,                0.67424,                0.15486,                0.14794,                0.07462,                 1.0685,                 2.5271,                0.85337,                 1.0099,               0.005941,               0.005941,               0.005941
                     85,                 1.1751,                 2.4413,                 1.1789,                 1.0336,                0.47292,                0.17742,                0.17246,                0.10502,                0.37492,                0.16476,                0.14803,                 0.0742,                  1.071,                 2.5265,                0.85574,                 1.0108,              0.0058915,              0.0058915,              0.0058915
                     86,                 1.1763,                 2.4707,                 1.1737,                 1.0332,                 0.6907,                0.16542,                0.17547,                 0.1071,                0.61205,                 0.1459,                0.15002,                0.07665,                 1.0688,                 2.5284,                0.85968,                 1.0097,               0.005842,               0.005842,               0.005842
                     87,                 1.1643,                 2.4346,                 1.1701,                 1.0298,                0.69235,                0.17704,                0.17966,                 0.1107,                0.61891,                0.16008,                0.15441,                0.07849,                 1.0626,                 2.5183,                0.85467,                 1.0076,              0.0057925,              0.0057925,              0.0057925
                     88,                 1.1665,                  2.439,                 1.1675,                 1.0308,                0.68457,                0.16699,                0.17438,                0.10799,                0.52295,                0.16128,                0.15242,                0.07767,                 1.0666,                  2.521,                0.85699,                 1.0081,               0.005743,               0.005743,               0.005743
                     89,                  1.171,                 2.4627,                  1.181,                 1.0341,                0.69137,                0.16304,                0.17221,                0.10623,                0.62551,                0.14719,                0.14676,                 0.0755,                 1.0668,                 2.5184,                0.85426,                 1.0084,              0.0056935,              0.0056935,              0.0056935
                     90,                 1.1644,                 2.4531,                 1.1616,                 1.0276,                0.69084,                 0.1764,                0.17767,                 0.1087,                0.61619,                0.14356,                0.15085,                0.07729,                 1.0635,                 2.5204,                0.85676,                 1.0068,               0.005644,               0.005644,               0.005644
                     91,                  1.174,                 2.4574,                 1.1661,                 1.0321,                0.67054,                0.16316,                0.17445,                0.10804,                0.63231,                0.14279,                0.15188,                0.07863,                 1.0604,                 2.5143,                0.84943,                 1.0065,              0.0055945,              0.0055945,              0.0055945
                     92,                 1.1661,                 2.4385,                 1.1807,                 1.0336,                0.56459,                0.17895,                0.17616,                0.10911,                0.49772,                0.16913,                0.15534,                0.07931,                 1.0617,                 2.5187,                0.85085,                 1.0073,               0.005545,               0.005545,               0.005545
                     93,                 1.1597,                  2.447,                 1.1551,                 1.0238,                 0.5297,                0.17602,                0.17851,                0.11166,                0.51655,                0.16827,                0.15718,                0.08067,                 1.0572,                 2.5129,                0.84822,                 1.0027,              0.0054955,              0.0054955,              0.0054955
                     94,                 1.1604,                 2.4441,                 1.1487,                 1.0259,                0.61022,                0.17813,                0.17685,                0.10985,                0.64487,                0.13706,                0.15364,                0.07892,                 1.0619,                 2.4989,                0.83966,                 1.0042,               0.005446,               0.005446,               0.005446
                     95,                 1.1692,                 2.4316,                 1.1612,                  1.031,                0.53347,                0.17194,                0.17552,                0.11007,                0.50776,                0.15841,                0.15211,                0.07848,                 1.0552,                 2.5042,                0.84776,                 1.0045,              0.0053965,              0.0053965,              0.0053965
                     96,                 1.1534,                 2.4382,                 1.1482,                 1.0231,                0.54362,                0.17503,                0.17914,                0.11017,                0.51258,                0.16786,                0.15469,                0.07856,                 1.0529,                    2.5,                0.84754,                 1.0024,               0.005347,               0.005347,               0.005347
                     97,                 1.1566,                 2.4147,                 1.1542,                 1.0269,                0.54296,                0.17326,                0.17509,                0.10884,                0.51077,                0.15567,                0.15137,                0.07776,                 1.0521,                 2.5009,                 0.8445,                 1.0018,              0.0052975,              0.0052975,              0.0052975
                     98,                 1.1533,                 2.4265,                 1.1545,                 1.0255,                0.67577,                0.16356,                0.17818,                0.11149,                0.62084,                0.15194,                0.15626,                0.07965,                 1.0527,                 2.4985,                0.84226,                 1.0021,               0.005248,               0.005248,               0.005248
                     99,                  1.174,                 2.4253,                 1.1701,                   1.03,                0.67421,                0.15827,                0.17447,                0.10773,                0.62847,                0.14231,                0.14836,                0.07692,                  1.053,                 2.4993,                0.84182,                 1.0014,              0.0051985,              0.0051985,              0.0051985
                    100,                 1.1535,                  2.419,                 1.1492,                 1.0245,                0.61621,                0.15774,                0.17541,                0.10862,                0.55371,                0.14159,                0.15023,                0.07701,                 1.0513,                 2.4909,                0.84073,                 1.0009,               0.005149,               0.005149,               0.005149
                    101,                  1.151,                 2.4251,                 1.1577,                 1.0239,                0.71375,                0.16066,                0.17576,                0.11043,                0.66258,                0.14524,                0.15313,                0.07762,                 1.0504,                  2.493,                0.84667,                 1.0015,              0.0050995,              0.0050995,              0.0050995
                    102,                 1.1557,                  2.414,                 1.1576,                 1.0264,                0.52238,                0.17656,                 0.1758,                0.10882,                0.48188,                0.15928,                0.15022,                0.07758,                 1.0481,                 2.4925,                0.84111,                0.99998,                0.00505,                0.00505,                0.00505
                    103,                 1.1498,                 2.4108,                 1.1571,                 1.0209,                 0.6441,                0.17207,                0.17866,                0.11154,                0.56326,                0.16708,                0.15491,                0.07995,                 1.0469,                 2.4979,                0.83713,                      1,              0.0050005,              0.0050005,              0.0050005
                    104,                 1.1458,                 2.4274,                 1.1481,                 1.0213,                0.54971,                0.18928,                0.17759,                0.10991,                0.60468,                0.15286,                0.15433,                 0.0793,                 1.0466,                 2.4903,                0.83803,                 0.9978,               0.004951,               0.004951,               0.004951
                    105,                 1.1565,                 2.4039,                 1.1662,                 1.0242,                0.42565,                0.19207,                0.17961,                0.11149,                0.37986,                0.17393,                0.15636,                0.08009,                 1.0459,                 2.4891,                0.84168,                 0.9969,              0.0049015,              0.0049015,              0.0049015
                    106,                 1.1486,                 2.4025,                 1.1487,                 1.0193,                0.66226,                0.15641,                0.17777,                0.11011,                0.65447,                0.13626,                0.15531,                0.07983,                 1.0419,                 2.4833,                0.84009,                0.99677,               0.004852,               0.004852,               0.004852
                    107,                 1.1543,                 2.4098,                 1.1499,                 1.0227,                0.61419,                0.18504,                0.18277,                0.11366,                0.57492,                0.16295,                0.15866,                0.08128,                 1.0428,                 2.4801,                0.84119,                0.99674,              0.0048025,              0.0048025,              0.0048025
                    108,                 1.1411,                  2.409,                 1.1525,                 1.0206,                0.55119,                0.19286,                0.19415,                0.12072,                0.51275,                0.17475,                0.16643,                0.08609,                 1.0438,                 2.4725,                0.83735,                0.99677,               0.004753,               0.004753,               0.004753
                    109,                 1.1527,                 2.4152,                 1.1531,                 1.0175,                0.54098,                0.19463,                0.18549,                0.11548,                0.50653,                0.17457,                0.15931,                0.08296,                 1.0424,                 2.4759,                0.83493,                0.99739,              0.0047035,              0.0047035,              0.0047035
                    110,                 1.1483,                 2.4076,                 1.1427,                 1.0233,                0.55069,                0.19235,                0.18342,                0.11415,                 0.5047,                0.17169,                0.15654,                0.08155,                 1.0408,                 2.4748,                0.83064,                0.99579,               0.004654,               0.004654,               0.004654
                    111,                 1.1409,                 2.3891,                 1.1501,                   1.02,                0.58691,                0.17558,                0.18388,                0.11593,                0.53527,                0.15829,                0.15802,                0.08186,                 1.0385,                 2.4713,                0.83175,                0.99511,              0.0046045,              0.0046045,              0.0046045
                    112,                 1.1385,                 2.3935,                 1.1388,                 1.0191,                0.54885,                0.19067,                0.18669,                0.11783,                0.54647,                0.16486,                0.16157,                0.08378,                 1.0386,                 2.4657,                0.83206,                0.99555,               0.004555,               0.004555,               0.004555
                    113,                 1.1467,                  2.411,                 1.1384,                 1.0202,                0.57465,                 0.1971,                 0.1893,                0.11825,                0.55394,                0.16059,                0.16162,                0.08499,                 1.0396,                 2.4596,                0.83044,                0.99544,              0.0045055,              0.0045055,              0.0045055
                    114,                 1.1421,                 2.3904,                 1.1432,                 1.0181,                0.47057,                 0.1791,                0.18751,                0.11761,                0.57223,                 0.1593,                0.16222,                 0.0864,                 1.0364,                 2.4578,                0.83064,                0.99338,               0.004456,               0.004456,               0.004456
                    115,                 1.1428,                 2.3983,                 1.1503,                 1.0197,                0.44159,                0.19595,                0.18551,                0.11539,                0.42807,                0.17923,                0.16254,                0.08476,                 1.0402,                 2.4638,                0.82906,                 0.9942,              0.0044065,              0.0044065,              0.0044065
                    116,                 1.1342,                  2.392,                 1.1253,                 1.0131,                0.55379,                0.19865,                0.18514,                0.11431,                0.51452,                0.17635,                0.15878,                0.08229,                 1.0387,                 2.4597,                0.83172,                0.99369,               0.004357,               0.004357,               0.004357
                    117,                 1.1366,                 2.3899,                 1.1421,                 1.0168,                0.51336,                0.19207,                0.18314,                0.11384,                 0.5003,                0.17339,                0.16114,                0.08255,                 1.0388,                 2.4579,                  0.835,                0.99299,              0.0043075,              0.0043075,              0.0043075
                    118,                 1.1353,                 2.3789,                 1.1407,                 1.0169,                0.52381,                0.19264,                0.18281,                0.11392,                0.49422,                0.17568,                0.15953,                0.08306,                 1.0379,                   2.45,                0.83162,                0.99309,               0.004258,               0.004258,               0.004258
                    119,                 1.1271,                 2.3797,                 1.1484,                 1.0171,                0.62792,                0.17737,                0.18232,                0.11379,                0.59592,                0.15384,                0.15768,                0.08256,                  1.033,                 2.4475,                0.82956,                0.99184,              0.0042085,              0.0042085,              0.0042085
                    120,                  1.137,                 2.3859,                 1.1341,                 1.0159,                0.55023,                0.18318,                0.18664,                0.11644,                0.52096,                0.17613,                 0.1602,                0.08407,                 1.0323,                 2.4464,                0.82847,                0.99164,               0.004159,               0.004159,               0.004159
                    121,                 1.1339,                 2.3839,                 1.1342,                 1.0151,                0.43866,                0.20202,                0.18922,                0.11719,                0.39764,                0.18018,                0.16366,                0.08489,                 1.0334,                 2.4466,                0.82453,                0.99219,              0.0041095,              0.0041095,              0.0041095
                    122,                 1.1326,                 2.3797,                 1.1245,                 1.0126,                0.56079,                  0.189,                0.18892,                0.11752,                  0.522,                0.17047,                0.16574,                0.08561,                 1.0307,                 2.4396,                0.82281,                0.99079,                0.00406,                0.00406,                0.00406
                    123,                 1.1299,                 2.3723,                 1.1323,                 1.0127,                0.54936,                0.18266,                0.18861,                0.11893,                0.50707,                0.17746,                0.16543,                0.08693,                 1.0287,                 2.4432,                0.82288,                0.98962,              0.0040105,              0.0040105,              0.0040105
                    124,                 1.1363,                 2.3782,                 1.1335,                  1.014,                0.53397,                0.19479,                0.18814,                0.11846,                0.48495,                 0.1819,                0.16308,                0.08616,                 1.0276,                 2.4465,                0.82216,                0.98913,               0.003961,               0.003961,               0.003961
                    125,                  1.126,                  2.359,                 1.1393,                 1.0149,                0.53082,                0.19429,                0.19146,                0.11979,                0.50309,                0.17765,                0.16799,                0.08759,                  1.027,                 2.4444,                0.82191,                0.98901,              0.0039115,              0.0039115,              0.0039115
                    126,                 1.1151,                  2.341,                 1.1215,                 1.0118,                0.55276,                0.19901,                 0.1919,                0.12019,                 0.5177,                0.18361,                0.16784,                0.08713,                 1.0266,                 2.4443,                0.81993,                0.98942,               0.003862,               0.003862,               0.003862
                    127,                 1.1318,                 2.3614,                 1.1362,                 1.0157,                0.56384,                0.18331,                0.19133,                0.11959,                 0.5326,                0.16788,                0.16714,                0.08667,                 1.0261,                 2.4432,                0.81881,                0.98889,              0.0038125,              0.0038125,              0.0038125
                    128,                 1.1196,                 2.3669,                 1.1072,                 1.0082,                0.56921,                0.18638,                0.19158,                0.11991,                0.53834,                0.16979,                0.16688,                0.08743,                 1.0242,                 2.4405,                0.81629,                 0.9882,               0.003763,               0.003763,               0.003763
                    129,                 1.1253,                 2.3592,                 1.1293,                 1.0149,                0.57907,                0.19431,                0.19195,                0.12027,                0.55887,                0.17046,                0.16581,                0.08669,                  1.025,                 2.4357,                0.81681,                0.98831,              0.0037135,              0.0037135,              0.0037135
                    130,                 1.1203,                 2.3411,                 1.1144,                 1.0059,                0.57989,                0.18148,                0.19047,                0.11929,                 0.5155,                0.18408,                0.16558,                0.08642,                 1.0267,                  2.438,                0.81583,                0.98867,               0.003664,               0.003664,               0.003664
                    131,                 1.1204,                 2.3487,                  1.119,                 1.0094,                0.53235,                  0.201,                0.19073,                0.11922,                0.52053,                0.18163,                0.16533,                0.08574,                 1.0266,                 2.4398,                 0.8163,                0.98889,              0.0036145,              0.0036145,              0.0036145
                    132,                 1.1107,                 2.3296,                 1.1152,                 1.0034,                0.55635,                0.19794,                0.19407,                0.12048,                0.55956,                0.18027,                0.16961,                0.08742,                 1.0274,                 2.4396,                0.81548,                0.98957,               0.003565,               0.003565,               0.003565
                    133,                 1.1185,                 2.3489,                 1.1117,                 1.0075,                 0.5391,                0.19799,                0.19172,                0.11983,                0.52264,                0.18575,                0.16857,                 0.0865,                 1.0278,                 2.4403,                0.81544,                0.98949,              0.0035155,              0.0035155,              0.0035155
                    134,                 1.1079,                 2.3337,                 1.1162,                  1.009,                0.54565,                0.20324,                0.19347,                0.12167,                0.52562,                0.17991,                0.16843,                0.08815,                 1.0266,                 2.4389,                0.81492,                 0.9886,               0.003466,               0.003466,               0.003466
                    135,                 1.1212,                 2.3419,                 1.1182,                 1.0135,                0.54992,                0.20458,                0.19396,                0.12118,                0.54389,                0.18564,                0.16982,                0.08801,                 1.0261,                  2.436,                0.81504,                0.98866,              0.0034165,              0.0034165,              0.0034165
                    136,                  1.106,                 2.3241,                 1.1061,                 1.0028,                0.54736,                0.20375,                0.19446,                 0.1211,                0.53537,                0.18755,                0.16928,                0.08796,                 1.0244,                 2.4349,                0.81366,                0.98764,               0.003367,               0.003367,               0.003367
                    137,                 1.1151,                 2.3405,                 1.1297,                 1.0048,                0.54843,                0.20507,                0.19496,                0.12249,                0.53569,                0.19096,                0.16921,                0.08814,                 1.0233,                 2.4337,                0.81338,                0.98692,              0.0033175,              0.0033175,              0.0033175
                    138,                 1.1041,                 2.3075,                 1.1038,                 1.0036,                0.54446,                0.20762,                0.19373,                0.12147,                0.52637,                0.18924,                0.16804,                0.08719,                 1.0216,                 2.4352,                0.81187,                0.98603,               0.003268,               0.003268,               0.003268
                    139,                 1.1083,                 2.3449,                 1.1099,                 1.0039,                0.56002,                0.19887,                0.19534,                0.12363,                0.55562,                0.17329,                0.16952,                 0.0884,                 1.0214,                 2.4333,                 0.8126,                0.98592,              0.0032185,              0.0032185,              0.0032185
                    140,                 1.1105,                 2.3374,                 1.1021,                 1.0039,                0.57574,                0.20057,                0.19548,                0.12275,                0.54219,                0.18153,                0.17265,                0.08776,                 1.0219,                 2.4351,                0.81158,                0.98667,               0.003169,               0.003169,               0.003169
                    141,                 1.1025,                 2.3247,                 1.1203,                  1.002,                0.56249,                0.19857,                0.19634,                0.12297,                 0.5426,                0.18005,                0.16968,                0.08755,                 1.0202,                 2.4352,                0.81229,                0.98619,              0.0031195,              0.0031195,              0.0031195
                    142,                 1.1046,                 2.3143,                 1.1189,                 1.0014,                0.55403,                0.20411,                0.19613,                0.12271,                0.54644,                0.18092,                0.17259,                0.08811,                  1.019,                 2.4346,                0.81157,                0.98495,                0.00307,                0.00307,                0.00307
                    143,                 1.1079,                 2.3299,                 1.1153,                 1.0054,                0.56519,                 0.2059,                0.19776,                0.12376,                0.53313,                0.18747,                0.17652,                0.08905,                 1.0172,                 2.4322,                0.81127,                0.98435,              0.0030205,              0.0030205,              0.0030205
                    144,                 1.1095,                 2.3307,                 1.1075,                  1.003,                0.56411,                0.20632,                0.19826,                0.12439,                0.53316,                0.18702,                0.17249,                0.08895,                 1.0169,                 2.4302,                 0.8108,                0.98415,               0.002971,               0.002971,               0.002971
                    145,                 1.1021,                 2.3158,                 1.1104,                 1.0015,                0.57615,                0.19847,                0.19842,                0.12377,                 0.5278,                0.18705,                0.17236,                0.08842,                 1.0184,                  2.428,                0.81056,                0.98453,              0.0029215,              0.0029215,              0.0029215
                    146,                 1.0933,                 2.3098,                 1.0898,                0.99939,                0.55057,                0.20256,                0.19964,                0.12546,                0.53343,                0.18456,                0.17268,                0.08935,                 1.0182,                 2.4262,                0.80882,                0.98432,               0.002872,               0.002872,               0.002872
                    147,                 1.0959,                 2.3107,                 1.0951,                 1.0003,                0.57085,                0.20695,                0.19916,                0.12492,                0.54331,                0.18845,                0.17187,                0.08887,                 1.0166,                 2.4284,                0.80689,                0.98328,              0.0028225,              0.0028225,              0.0028225
                    148,                 1.0933,                 2.3035,                 1.0935,                0.99714,                0.57558,                0.20154,                0.19903,                0.12448,                0.55926,                0.17982,                0.17169,                0.08896,                 1.0159,                 2.4253,                0.80495,                0.98302,               0.002773,               0.002773,               0.002773
                    149,                 1.0962,                 2.3187,                 1.1034,                0.99933,                0.59693,                 0.2001,                0.20208,                0.12589,                0.56655,                0.18143,                0.17381,                0.09035,                 1.0155,                 2.4258,                0.80445,                0.98316,              0.0027235,              0.0027235,              0.0027235
                    150,                 1.0891,                 2.2931,                 1.0845,                0.99695,                0.59792,                0.20453,                 0.2041,                0.12692,                0.55859,                 0.1845,                0.17459,                0.09051,                 1.0158,                 2.4256,                0.80312,                0.98325,               0.002674,               0.002674,               0.002674
                    151,                  1.093,                    2.3,                 1.0941,                0.99799,                0.59635,                0.19934,                0.20517,                0.12714,                0.55768,                0.17706,                0.17535,                0.09068,                 1.0151,                 2.4248,                 0.8022,                 0.9829,              0.0026245,              0.0026245,              0.0026245
                    152,                 1.0958,                 2.3083,                 1.1451,                0.99983,                0.59724,                0.19802,                0.20567,                0.12684,                0.56958,                0.17519,                 0.1748,                0.09071,                 1.0145,                 2.4221,                0.80092,                0.98231,               0.002575,               0.002575,               0.002575
                    153,                 1.0896,                 2.3051,                 1.1006,                 1.0002,                0.59707,                 0.2017,                0.20481,                0.12656,                0.55929,                0.17779,                0.17494,                0.09029,                 1.0132,                 2.4195,                0.80169,                0.98206,              0.0025255,              0.0025255,              0.0025255
                    154,                 1.0879,                  2.291,                 1.0989,                0.99519,                0.59443,                0.20552,                 0.2062,                0.12712,                0.55324,                0.18352,                0.17606,                 0.0914,                 1.0127,                 2.4183,                0.80197,                0.98132,               0.002476,               0.002476,               0.002476
                    155,                 1.0845,                 2.3045,                 1.0951,                0.99418,                0.58401,                0.20686,                0.20644,                0.12688,                0.55221,                0.17827,                0.17639,                0.09107,                  1.012,                 2.4196,                0.80182,                0.98092,              0.0024265,              0.0024265,              0.0024265
                    156,                 1.0903,                  2.287,                 1.0851,                0.99676,                0.58865,                0.20951,                0.20546,                0.12668,                0.55449,                0.17791,                0.17547,                0.09095,                 1.0117,                 2.4146,                0.80048,                0.98065,               0.002377,               0.002377,               0.002377
                    157,                  1.089,                 2.3051,                 1.0899,                0.99579,                0.58706,                0.20186,                0.20442,                0.12687,                0.55958,                0.18087,                0.17554,                0.09096,                 1.0111,                 2.4138,                0.79966,                0.98076,              0.0023275,              0.0023275,              0.0023275
                    158,                 1.0886,                 2.2948,                 1.0919,                0.99543,                0.61065,                0.20529,                0.20506,                0.12735,                0.56004,                0.17961,                0.17575,                0.09134,                 1.0105,                 2.4152,                 0.7992,                0.98026,               0.002278,               0.002278,               0.002278
                    159,                 1.0823,                 2.2778,                 1.0967,                 0.9927,                0.61751,                0.20589,                0.20371,                0.12722,                0.58024,                0.18577,                0.17608,                0.09195,                   1.01,                 2.4168,                 0.7984,                0.98017,              0.0022285,              0.0022285,              0.0022285
                    160,                 1.0833,                  2.302,                 1.0816,                 0.9938,                0.61643,                0.20594,                 0.2057,                0.12749,                0.57724,                0.18479,                0.17613,                0.09193,                 1.0089,                  2.418,                 0.7978,                 0.9798,               0.002179,               0.002179,               0.002179
                    161,                 1.0743,                 2.2592,                 1.0807,                0.98666,                0.61359,                0.20468,                0.20672,                0.12921,                0.57427,                 0.1837,                0.17772,                0.09347,                 1.0087,                 2.4176,                0.79757,                0.97932,              0.0021295,              0.0021295,              0.0021295
                    162,                 1.0743,                 2.2668,                 1.0737,                0.99028,                0.60835,                0.20641,                0.20783,                0.12939,                0.56287,                0.18538,                0.17839,                0.09304,                 1.0083,                 2.4176,                0.79714,                0.97924,                0.00208,                0.00208,                0.00208
                    163,                 1.0816,                 2.2746,                 1.0733,                0.99275,                0.60281,                0.20677,                0.20671,                0.12821,                0.56258,                0.18615,                0.17674,                0.09203,                 1.0082,                 2.4178,                0.79688,                0.97906,              0.0020305,              0.0020305,              0.0020305
                    164,                 1.0771,                 2.2646,                 1.0762,                0.99151,                0.59773,                0.20728,                0.20822,                 0.1298,                0.56168,                0.18699,                0.17877,                0.09322,                 1.0074,                 2.4157,                0.79631,                0.97869,               0.001981,               0.001981,               0.001981
                    165,                 1.0736,                 2.2706,                 1.0709,                0.99186,                0.59425,                0.21124,                0.20799,                0.12964,                0.56207,                0.18583,                 0.1789,                0.09284,                 1.0071,                 2.4163,                0.79624,                0.97861,              0.0019315,              0.0019315,              0.0019315
                    166,                 1.0758,                  2.271,                 1.0853,                0.99017,                0.59272,                0.21271,                0.20694,                0.12903,                0.56536,                0.19021,                0.17805,                 0.0926,                 1.0069,                 2.4146,                0.79628,                0.97817,               0.001882,               0.001882,               0.001882
                    167,                 1.0666,                 2.2529,                 1.0636,                0.98752,                0.60462,                0.21184,                 0.2073,                0.12887,                0.56604,                0.19028,                0.17707,                0.09253,                 1.0067,                  2.414,                 0.7954,                0.97812,              0.0018325,              0.0018325,              0.0018325
                    168,                 1.0669,                 2.2346,                 1.0676,                0.99261,                0.61673,                0.21096,                0.20925,                0.13055,                0.57978,                0.18677,                0.17833,                0.09332,                 1.0069,                 2.4134,                0.79524,                0.97815,               0.001783,               0.001783,               0.001783
                    169,                 1.0751,                 2.2792,                  1.067,                0.98896,                0.60125,                0.21106,                 0.2095,                0.13133,                0.57301,                0.18908,                0.17939,                 0.0941,                 1.0064,                 2.4135,                0.79451,                0.97791,              0.0017335,              0.0017335,              0.0017335
                    170,                 1.0645,                 2.2638,                 1.0712,                0.98967,                 0.6099,                0.21126,                0.20881,                0.13116,                0.56778,                0.18981,                0.17957,                0.09382,                 1.0067,                  2.412,                0.79503,                0.97771,               0.001684,               0.001684,               0.001684
                    171,                 1.0549,                 2.2328,                 1.0566,                0.98228,                0.61617,                0.20793,                0.20874,                0.13147,                0.57895,                0.18656,                0.18016,                0.09392,                 1.0066,                 2.4104,                0.79416,                0.97763,              0.0016345,              0.0016345,              0.0016345
                    172,                 1.0578,                 2.2223,                  1.063,                0.98762,                0.59648,                 0.2074,                0.20968,                0.13171,                 0.5848,                0.18051,                0.18083,                0.09445,                 1.0063,                 2.4105,                0.79386,                0.97749,               0.001585,               0.001585,               0.001585
                    173,                  1.068,                 2.2463,                 1.0552,                0.98555,                0.59768,                0.20973,                0.21083,                 0.1321,                0.57744,                0.18038,                0.18127,                0.09461,                 1.0059,                 2.4109,                0.79308,                 0.9772,              0.0015355,              0.0015355,              0.0015355
                    174,                 1.0644,                  2.236,                 1.0726,                0.98589,                0.59361,                0.21028,                0.21123,                0.13181,                0.58234,                 0.1811,                0.18127,                0.09464,                 1.0057,                 2.4114,                 0.7929,                0.97712,               0.001486,               0.001486,               0.001486
                    175,                 1.0617,                 2.2347,                 1.0593,                 0.9825,                0.58428,                0.20838,                0.21056,                0.13147,                 0.5977,                0.17856,                0.18125,                0.09446,                 1.0056,                 2.4104,                0.79298,                0.97711,              0.0014365,              0.0014365,              0.0014365
                    176,                 1.0571,                 2.2283,                 1.0543,                0.98133,                 0.5927,                0.20691,                0.20985,                0.13136,                0.59672,                0.18118,                0.18057,                0.09471,                 1.0055,                 2.4104,                0.79247,                0.97712,               0.001387,               0.001387,               0.001387
                    177,                 1.0508,                 2.2136,                 1.0624,                0.98188,                0.58608,                 0.2087,                0.21181,                0.13197,                 0.5959,                0.18149,                0.18115,                 0.0951,                  1.005,                 2.4106,                0.79277,                0.97712,              0.0013375,              0.0013375,              0.0013375
                    178,                 1.0514,                 2.2231,                  1.047,                0.98249,                0.58966,                0.20894,                0.21221,                0.13194,                0.59214,                 0.1825,                0.18183,                0.09537,                 1.0047,                 2.4098,                0.79262,                0.97676,               0.001288,               0.001288,               0.001288
                    179,                  1.054,                 2.2165,                 1.0533,                0.98083,                0.58804,                0.21078,                0.21147,                 0.1316,                 0.5873,                0.18443,                 0.1812,                0.09478,                 1.0043,                 2.4087,                0.79259,                0.97667,              0.0012385,              0.0012385,              0.0012385
                    180,                 1.0504,                 2.2153,                 1.0649,                0.98073,                0.59838,                0.20768,                0.21169,                0.13139,                0.58594,                0.18276,                 0.1813,                0.09465,                 1.0042,                 2.4091,                0.79284,                0.97678,               0.001189,               0.001189,               0.001189
                    181,                 1.0455,                 2.2052,                 1.0584,                0.97758,                0.60945,                 0.2032,                0.21166,                0.13174,                0.58304,                0.18103,                0.18163,                 0.0951,                 1.0043,                 2.4091,                0.79261,                0.97679,              0.0011395,              0.0011395,              0.0011395
                    182,                 1.0473,                 2.2096,                 1.0524,                0.97913,                0.61344,                0.20177,                0.21142,                 0.1315,                0.57877,                0.17745,                0.18122,                0.09517,                 1.0042,                 2.4095,                0.79268,                0.97661,                0.00109,                0.00109,                0.00109
                    183,                 1.0458,                 2.2169,                  1.058,                 0.9806,                 0.6154,                0.20149,                0.21149,                0.13225,                0.58059,                0.17772,                0.18125,                0.09573,                 1.0038,                 2.4097,                0.79204,                0.97651,              0.0010405,              0.0010405,              0.0010405
                    184,                 1.0492,                 2.2015,                 1.0442,                0.98114,                0.62346,                 0.2029,                0.21258,                0.13236,                0.57947,                0.17818,                0.18158,                0.09549,                 1.0035,                 2.4104,                0.79209,                0.97638,               0.000991,               0.000991,               0.000991
                    185,                 1.0367,                 2.1814,                 1.0341,                0.97534,                0.61448,                 0.2021,                0.21238,                0.13264,                0.57782,                 0.1794,                0.18184,                0.09571,                 1.0035,                 2.4094,                0.79161,                0.97617,              0.0009415,              0.0009415,              0.0009415
                    186,                 1.0368,                 2.1797,                 1.0465,                0.97793,                0.61839,                0.20236,                 0.2131,                0.13312,                0.57961,                 0.1803,                0.18272,                0.09636,                 1.0032,                 2.4104,                 0.7918,                0.97603,               0.000892,               0.000892,               0.000892
                    187,                  1.039,                 2.1957,                 1.0506,                0.97428,                0.61473,                0.20072,                0.21229,                0.13263,                0.57896,                0.17709,                 0.1825,                0.09627,                 1.0031,                 2.4101,                0.79163,                0.97592,              0.0008425,              0.0008425,              0.0008425
                    188,                 1.0404,                 2.1945,                 1.0473,                0.97286,                0.60929,                0.19754,                0.21287,                0.13297,                0.57481,                0.17755,                0.18248,                0.09627,                 1.0028,                 2.4104,                 0.7915,                0.97571,               0.000793,               0.000793,               0.000793
                    189,                 1.0341,                  2.185,                 1.0463,                0.97205,                0.60698,                0.19746,                0.21307,                0.13285,                0.58858,                 0.1775,                0.18626,                0.09696,                 1.0025,                 2.4099,                0.79138,                0.97563,              0.0007435,              0.0007435,              0.0007435
                    190,                 1.0396,                 2.2036,                  1.046,                0.97478,                0.62186,                0.19745,                0.21258,                0.13252,                0.59104,                0.17717,                0.18616,                0.09694,                 1.0026,                 2.4095,                0.79157,                0.97561,               0.000694,               0.000694,               0.000694
                    191,                 1.0439,                  2.236,                 1.0701,                0.97204,                0.62657,                0.19696,                0.21265,                0.13259,                0.59226,                0.17675,                0.18607,                0.09671,                 1.0025,                 2.4094,                0.79226,                0.97543,              0.0006445,              0.0006445,              0.0006445
                    192,                 1.0361,                 2.2025,                 1.0603,                0.96995,                0.62778,                0.19702,                0.21308,                0.13265,                0.59403,                0.17475,                0.18662,                0.09684,                 1.0026,                 2.4102,                 0.7929,                0.97535,               0.000595,               0.000595,               0.000595
                    193,                 1.0351,                 2.2039,                 1.0379,                0.96624,                0.62543,                 0.1972,                0.21305,                0.13274,                0.59933,                0.17292,                0.18664,                0.09718,                 1.0024,                 2.4097,                0.79324,                 0.9753,              0.0005455,              0.0005455,              0.0005455
                    194,                 1.0279,                 2.1916,                 1.0482,                0.96601,                0.59968,                0.20888,                0.21246,                0.13263,                0.59582,                0.17287,                0.18622,                0.09737,                 1.0021,                 2.4098,                0.79391,                0.97515,               0.000496,               0.000496,               0.000496
                    195,                 1.0321,                 2.2034,                 1.0527,                0.96909,                0.59816,                0.20964,                0.21261,                0.13255,                0.59839,                0.17331,                0.18594,                0.09726,                  1.002,                 2.4096,                 0.7943,                0.97511,              0.0004465,              0.0004465,              0.0004465
                    196,                 1.0213,                 2.1831,                  1.041,                0.96125,                0.59761,                0.20952,                0.21252,                0.13253,                0.59806,                0.17362,                0.18606,                 0.0972,                 1.0023,                 2.4103,                0.79474,                0.97517,               0.000397,               0.000397,               0.000397
                    197,                 1.0222,                 2.1797,                 1.0373,                0.96294,                0.59618,                0.21044,                0.21261,                0.13276,                0.59823,                0.17457,                0.18659,                0.09727,                 1.0023,                 2.4104,                0.79487,                 0.9751,              0.0003475,              0.0003475,              0.0003475
                    198,                 1.0252,                   2.17,                 1.0458,                0.96769,                0.59796,                0.21056,                0.21351,                0.13315,                0.60179,                 0.1731,                0.18742,                0.09752,                 1.0022,                  2.411,                 0.7951,                0.97516,               0.000298,               0.000298,               0.000298
                    199,                 1.0171,                 2.1652,                 1.2085,                0.95943,                0.59962,                 0.2099,                0.21382,                 0.1334,                0.60246,                0.17339,                0.18767,                0.09765,                 1.0022,                 2.4108,                0.79526,                0.97509,              0.0002485,              0.0002485,              0.0002485
                    200,                 1.0125,                 2.1701,                 1.0242,                0.95977,                0.60201,                0.20919,                0.21445,                0.13363,                0.60456,                0.17264,                0.18775,                0.09784,                 1.0021,                 2.4121,                0.79531,                0.97516,               0.000199,               0.000199,               0.000199
